{
  "test_accuracy": 0.6525069637883009,
  "test_roc_auc_ovr_macro": 0.9105972406372415,
  "val_acc_last": 0.8300679728108756,
  "val_acc_best": 0.8300679728108756
}